{"num_filters": 16, "lr": 0.01, "test_error": 0.011599838733673096, "batch_size": 128, "learning_curve": [0.028799891471862793, 0.020699799060821533, 0.016599833965301514, 0.013399839401245117, 0.011299848556518555, 0.011299848556518555, 0.01109987497329712, 0.010899841785430908, 0.010499835014343262, 0.01009988784790039, 0.00979989767074585, 0.010199785232543945]}