{"lr": 0.001, "num_filters": 16, "batch_size": 128, "learning_curve": [0.5083000063896179, 0.29089999198913574, 0.21359997987747192, 0.16579997539520264, 0.13569998741149902, 0.12099999189376831, 0.11119997501373291, 0.10149997472763062, 0.09539997577667236, 0.09020000696182251, 0.0845000147819519, 0.080299973487854], "test_error": 0.0982000008225441}