{"lr": 0.001, "num_filters": 16, "batch_size": 128, "learning_curve": [0.11430001258850098, 0.06629997491836548], "test_error": 0.07130002975463867}