{"num_filters": 16, "lr": 0.1, "test_error": 0.8865000009536743, "batch_size": 128, "learning_curve": [0.8936000093817711, 0.8970000147819519, 0.8936000093817711, 0.8936000093817711, 0.8936000093817711, 0.8936000093817711, 0.8936000093817711, 0.8936000093817711, 0.8936000093817711, 0.8936000093817711, 0.8936000093817711, 0.8936000093817711]}