{"lr": 0.01, "num_filters": 16, "batch_size": 128, "learning_curve": [0.0274999737739563, 0.018000006675720215], "test_error": 0.018899977207183838}