{"lr": 0.0001, "num_filters": 16, "batch_size": 128, "learning_curve": [0.4423999786376953, 0.2549999952316284], "test_error": 0.2598000168800354}