{"lr": 0.001, "num_filters": 16, "batch_size": 128, "learning_curve": [0.8936000019311905, 0.8936000019311905, 0.8936000019311905, 0.8936000019311905, 0.8936000019311905, 0.8936000019311905, 0.8936000019311905, 0.8936000019311905, 0.8936000019311905, 0.8936000019311905, 0.8936000019311905, 0.8936000019311905], "test_error": 0.0632999986410141}