{"num_filters": 16, "lr": 0.0001, "test_error": 0.08989989757537842, "batch_size": 128, "learning_curve": [0.6177000999450684, 0.31970012187957764, 0.23739999532699585, 0.182900071144104, 0.14899992942810059, 0.12849992513656616, 0.11479997634887695, 0.10729992389678955, 0.09999990463256836, 0.0947999358177185, 0.08819985389709473, 0.0824999213218689]}