{"num_filters": 16, "lr": 0.001, "test_error": 0.023299872875213623, "batch_size": 128, "learning_curve": [0.11629998683929443, 0.07089990377426147, 0.05209988355636597, 0.04329979419708252, 0.03699982166290283, 0.03179985284805298, 0.028799891471862793, 0.02649986743927002, 0.02519989013671875, 0.0232999324798584, 0.022199928760528564, 0.02119988203048706]}