{"lr": 0.001, "num_filters": 16, "batch_size": 128, "learning_curve": [0.12599998712539673, 0.07609999179840088, 0.056599974632263184, 0.04689997434616089, 0.040199995040893555, 0.03509998321533203, 0.03270000219345093, 0.03020000457763672, 0.02799999713897705, 0.02640002965927124, 0.024800002574920654, 0.023800015449523926], "test_error": 0.08869999647140503}