{"lr": 0.001, "num_filters": 16, "batch_size": 128, "learning_curve": [0.034900009632110596, 0.024100005626678467, 0.019999980926513672, 0.016099989414215088, 0.013100028038024902, 0.01239997148513794, 0.011699974536895752, 0.010999977588653564, 0.010900020599365234, 0.010100007057189941, 0.009999990463256836, 0.011699974536895752], "test_error": 0.0940999984741211}