{"lr": 0.015909904708889904, "num_filters": 57, "batch_size": 33, "learning_curve": [0.014599978923797607, 0.012799978256225586, 0.01260000467300415, 0.0098000168800354, 0.009400010108947754, 0.009700000286102295, 0.00830000638961792, 0.008000016212463379, 0.007600009441375732, 0.009000003337860107, 0.008000016212463379, 0.007600009441375732], "test_error": 0.006699979305267334}