{"num_filters": 16, "lr": 0.001, "test_error": 0.022899866104125977, "batch_size": 128, "learning_curve": [0.129599928855896, 0.07569992542266846, 0.05559980869293213, 0.045999884605407715, 0.04069983959197998, 0.036099910736083984, 0.032099902629852295, 0.028699874877929688, 0.02699989080429077, 0.025499820709228516, 0.02409982681274414, 0.023099899291992188]}