{"lr": 0.001, "num_filters": 16, "batch_size": 128, "learning_curve": [0.12430000305175781, 0.07569998502731323], "test_error": 0.08319997787475586}