{"lr": 0.001, "num_filters": 16, "batch_size": 128, "learning_curve": [0.11970001459121704, 0.07349997758865356, 0.05460000038146973, 0.044200003147125244, 0.03880000114440918, 0.03390002250671387, 0.030399978160858154, 0.02770000696182251, 0.026099979877471924, 0.025099992752075195, 0.02369999885559082, 0.022800028324127197], "test_error": 0.9764000177383423}