{"lr": 0.001, "num_filters": 16, "batch_size": 128, "learning_curve": [0.09600001573562622, 0.0559999942779541, 0.04229998588562012, 0.03579998016357422, 0.030099987983703613, 0.027199983596801758, 0.02499997615814209, 0.023299992084503174, 0.021300017833709717, 0.020299971103668213, 0.01969999074935913, 0.018700003623962402], "test_error": 0.08669999986886978}