{"lr": 0.001, "num_filters": 16, "batch_size": 128, "learning_curve": [0.09140002727508545, 0.05330002307891846], "test_error": 0.05769997835159302}