{"lr": 0.001, "num_filters": 16, "batch_size": 128, "learning_curve": [0.22850000858306885, 0.1761000156402588], "test_error": 0.1851000189781189}