{"num_filters": 16, "lr": 0.001, "test_error": 0.016499876976013184, "batch_size": 128, "learning_curve": [0.10209989547729492, 0.05669987201690674, 0.04319983720779419, 0.0353999137878418, 0.029899895191192627, 0.02669978141784668, 0.02499985694885254, 0.023399829864501953, 0.02209991216659546, 0.02069985866546631, 0.01939988136291504, 0.019099831581115723]}