{"lr": 0.001, "num_filters": 16, "batch_size": 128, "learning_curve": [0.15640002489089966, 0.08480000495910645], "test_error": 0.08980000019073486}