{"lr": 0.001, "num_filters": 16, "batch_size": 128, "learning_curve": [0.20920002460479736, 0.17110002040863037, 0.1525999903678894, 0.14230000972747803, 0.1313999891281128, 0.12339997291564941, 0.11809998750686646, 0.11390000581741333, 0.11040002107620239, 0.10699999332427979, 0.10479998588562012, 0.10250002145767212], "test_error": 0.060100000351667404}