{"lr": 0.001, "num_filters": 16, "batch_size": 128, "learning_curve": [0.11500000953674316, 0.06199997663497925, 0.04790002107620239, 0.040199995040893555, 0.034699976444244385, 0.032100021839141846, 0.029100000858306885, 0.026600003242492676, 0.02490001916885376, 0.023500025272369385, 0.0218999981880188, 0.021000027656555176], "test_error": 0.07190000265836716}