{"num_filters": 16, "lr": 0.001, "test_error": 0.025699853897094727, "batch_size": 128, "learning_curve": [0.11289995908737183, 0.07339996099472046, 0.05499982833862305, 0.047799885272979736, 0.041799843311309814, 0.036299824714660645, 0.032499849796295166, 0.030299842357635498, 0.027799904346466064, 0.025899887084960938, 0.025099873542785645, 0.02369987964630127]}