{"num_filters": 16, "lr": 0.001, "test_error": 0.10849994421005249, "batch_size": 128, "learning_curve": [0.21630001068115234, 0.17209994792938232, 0.15429997444152832, 0.14329993724822998, 0.1327999234199524, 0.12589991092681885, 0.11799997091293335, 0.11349999904632568, 0.10849988460540771, 0.10589993000030518, 0.10339993238449097, 0.10089987516403198]}