{"num_filters": 16, "lr": 0.001, "test_error": 0.020599842071533203, "batch_size": 128, "learning_curve": [0.11869990825653076, 0.06339991092681885, 0.04809987545013428, 0.04069983959197998, 0.03539985418319702, 0.03109985589981079, 0.028299808502197266, 0.02549988031387329, 0.02419990301132202, 0.022599875926971436, 0.021999835968017578, 0.0214998722076416]}