{"lr": 0.001, "num_filters": 16, "batch_size": 128, "learning_curve": [0.10259997844696045, 0.05479997396469116], "test_error": 0.05849999189376831}