{"lr": 0.001, "num_filters": 16, "batch_size": 128, "learning_curve": [0.12849998474121094, 0.07440000772476196, 0.053799986839294434, 0.048500001430511475, 0.042999982833862305, 0.03750002384185791, 0.034300029277801514, 0.03049999475479126, 0.02740001678466797, 0.025300025939941406, 0.024500012397766113, 0.024100005626678467], "test_error": 0.0934000015258789}